{
    "window.scrollY": 654.4444580078125,
    "section12Bottom": 1152.0312805175781,
    "scrollY": 0.5680787224056862,
    "svgHeight2": 50.000003814697266,
    "section2.offsetHeight": 501,
    "maxTranslateY": 450.99999618530273,
    "translateY": 128.10175081895807
}