{
    "window.scrollY": 4.44444465637207,
    "section1Height": 501,
    "scrollY": 0.008871147018706727,
    "svgHeight": 50.000003814697266,
    "maxTranslateY": 450.99999618530273,
    "translateY": 4.000887271595993
}